<addon id="repository.stefanorepository" name="[COLOR khaki][B] Stefano Repository[/COLOR][/B]" version="3.3" provider-name="Thegroove360">
    <requires>
		<import addon="xbmc.addon" version="12.0.0"/>
	</requires>
	<extension point="xbmc.addon.repository" name="Stefano Repository">
		<info compressed="false">https://thegroove360.info/zip/addon.xml</info>
		<checksum>https://thegroove360.info/zip/addons.xml.md5</checksum>
		<datadir zip="true">https://thegroove360.info/zip/</datadir>
	</extension>
	<extension point="xbmc.addon.metadata">
		<summary>Stefano Official Repository</summary>
		<description>Repository ufficiale di Stefano</description>
<news>3.3
-- compatibilità kodi 18 ultime versioni
-v3.1
- - Addons non ufficiali essenziali per il Funzionamento di Thegroove360 Addon
</news>
		<platform>all</platform>
	</extension>
</addon>
