{
    "id": "casacinemaInfo",
    "name": "La casa del cinema",
    "language": ["ita"],
    "active": true,
    "adult": false,
    "thumbnail": "",
    "banner": "",
    "categories": ["movie"],
    "settings": [
        {
            "id": "include_in_global_search",
            "type": "bool",
            "label": "Includi ricerca globale",
            "default": true,
            "enabled": true,
            "visible": true
        },
        {
            "id": "include_in_newest_peliculas",
            "type": "bool",
            "label": "Includi in Novità - Film",
            "default": true,
            "enabled": true,
            "visible": true
        },
        {
            "id": "include_in_newest_italiano",
            "type": "bool",
            "label": "Includi in Novità - Italiano",
            "default": true,
            "enabled": true,
            "visible": true
        }
    ]
}
