{
    "id": "guardaserieclick",
    "name": "GuardaSerie.click",
    "active": true,
    "adult": false,
    "language": ["ita"],
    "thumbnail": "http://www.guardaserie.click/wp-content/themes/guardaserie/images/logogd.png",
    "bannermenu": "http://www.guardaserie.click/wp-content/themes/guardaserie/images/logogd.png",
    "categories": ["tvshow","anime"],
    "settings": [
        {
            "id": "include_in_global_search",
            "type": "bool",
            "label": "Includi ricerca globale",
            "default": true,
            "enabled": true,
            "visible": true
        },
        {
            "id": "include_in_newest_series",
            "type": "bool",
            "label": "Includi in Novità - Serie TV",
            "default": true,
            "enabled": true,
            "visible": true
        },
        {
            "id": "include_in_newest_italiano",
            "type": "bool",
            "label": "Includi in Novità - Italiano",
            "default": true,
            "enabled": true,
            "visible": true
        }
    ]
}
